<dados>
<fornecedor>
<Cod_Fornec>F1</Cod_Fornec>
<FNome>SMITH</FNome>
<Status>20</Status>
<Cidade>LONDRES</Cidade>
</fornecedor>
<fornecedor>
<Cod_Fornec>F2</Cod_Fornec>
<FNome>JONES</FNome>
<Status>10</Status>
<Cidade>PARIS</Cidade>
</fornecedor>
<fornecedor>
<Cod_Fornec>F3</Cod_Fornec>
<FNome>BLAKE</FNome>
<Status>30</Status>
<Cidade>PARIS</Cidade>
</fornecedor>
<fornecedor>
<Cod_Fornec>F4</Cod_Fornec>
<FNome>CLARCK</FNome>
<Status>20</Status>
<Cidade>ATENAS</Cidade>
</fornecedor>
<fornecedor>
<Cod_Fornec>F5</Cod_Fornec>
<FNome>ADAMS</FNome>
<Status>30</Status>
<Cidade>LONDRES</Cidade>
</fornecedor>
</dados>
