<dados>
<peca>
<Cod_Peca>P1</Cod_Peca>
<PNome>NULT</PNome>
<Cor>VERMELHO</Cor>
<Peso>12.00</Peso>
<Cidade>LONDRES</Cidade>
<Preco>75.90</Preco>
</peca>
<peca>
<Cod_Peca>P2</Cod_Peca>
<PNome>BOLT</PNome>
<Cor>VERDE</Cor>
<Peso>17.00</Peso>
<Cidade>PARIS</Cidade>
<Preco>225.00</Preco>
</peca>
<peca>
<Cod_Peca>P3</Cod_Peca>
<PNome>SCREW</PNome>
<Cor>AZUL</Cor>
<Peso>17.00</Peso>
<Cidade>ROMA</Cidade>
<Preco>455.36</Preco>
</peca>
<peca>
<Cod_Peca>P4</Cod_Peca>
<PNome>NULT</PNome>
<Cor>VERMELHO</Cor>
<Peso>14.00</Peso>
<Cidade>LONDRES</Cidade>
<Preco>90.00</Preco>
</peca>
<peca>
<Cod_Peca>P5</Cod_Peca>
<PNome>CAM</PNome>
<Cor>AZUL</Cor>
<Peso>12.00</Peso>
<Cidade>PARIS</Cidade>
<Preco>100.00</Preco>
</peca>
<peca>
<Cod_Peca>P6</Cod_Peca>
<PNome>COG</PNome>
<Cor>VERMELHO</Cor>
<Peso>19.00</Peso>
<Cidade>LONDRES</Cidade>
<Preco>78.34</Preco>
</peca>
</dados>

